SimulationTime,VS_Pending,VS_Berthing,WA_Idling,WA_BeingOccupied,QCL_Idling,QCL_Discharging,QCL_Loading,QC_Idling,QC_Repositioning,QC_RestoringToDischarge,QC_LiftAndTransportDisch,QC_PendingToDrop,QC_DroppingToMount,QC_RestoringToLoad,QC_LiftingToLoad,QC_TransportAndLoading,CTN_BeingTransportedToYardFromGate,CTN_PendingToBeDischarged,CTN_BeingDischarged,CTN_PendMountedAtQuay,CTN_BeingMountedAtQuay,CTN_BeingTransportedToYard,CTN_PendDismountedAtYard,CTN_BeingDismountedAtYard,CTN_BeingStacked,CTN_Dwelling,CTN_DwellingForImport,CTN_PendingToAssignAGV,CTN_PendingToAssignYC,CTN_PendingToBeUnstacked,CTN_BeingUnstacked,CTN_PendMountedAtYard,CTN_PendMountForImport,CTN_BeingMountedAtYard,CTN_BeingTransportedToQuay,CTN_PendDismountedAtQuay,CTN_BeingDismountedAtQuay,CTN_BeingLoaded,CTN_BeingTransportedToGate,AGV_Idling,AGV_Repositioning,AGV_PickingFromQuay,AGV_PendDeliverToYard,AGV_DeliveringToYard,AGV_PendIdleAtYard,AGV_PickingFromYard,AGV_PendDeliverToQuay,AGV_DeliveringToQuay,AGV_PendIdleAtQuay,YC_Idling,YC_Repositioning,YC_RestoringToStack,YC_LiftingToStack,YC_TransportAndStacking,YC_RestoreReshuffleUnst,YC_LiftTransportUnstack,YC_PendingToDrop,YC_DroppingToMount,YA_Idling,YA_BeingOccupied
0001-01-02 00:00:00,0.000001,59.691778,1.200000,59.691779,16.535247,15.791272,7.325633,0.112154,0.000000,0.006519,0.012580,0.050932,0.013318,0.006555,0.012016,0.012887,0.000001,11.289149,0.012579,0.050931,0.013319,0.131471,0.017471,0.009716,0.009882,9.290436,0.000000,7.874324,0.012260,0.036033,0.012381,0.017656,0.000000,0.013218,0.134023,0.078817,0.012016,0.012887,0.000000,0.630066,0.000000,0.057373,0.018833,0.131471,0.024533,0.033412,0.058568,0.134022,0.091009,0.506162,0.000000,0.006549,0.009716,0.009882,0.036033,0.012381,0.017656,0.013217,0.001776,50.162626
0001-01-03 00:00:00,0.000001,14.919378,1.600000,14.919378,19.692581,11.041359,5.360786,0.070643,0.000000,0.006867,0.013124,0.044638,0.012480,0.006957,0.012497,0.013251,0.000001,7.438995,0.013124,0.044637,0.012481,0.131413,0.017304,0.009609,0.009864,17.334262,2697.008522,5.559622,0.014803,0.037810,0.011712,0.032126,0.000001,0.012351,0.134429,0.079123,0.012497,0.013251,0.000000,0.342956,0.000000,0.050021,0.019481,0.131412,0.026022,0.055315,0.053381,0.134428,0.091548,0.350394,0.000000,0.006619,0.009609,0.009864,0.037810,0.011712,0.032101,0.012351,0.002325,34.294523
0001-01-04 00:00:00,0.000001,16.520031,1.714285,16.520031,21.679106,6.040941,6.423171,0.065028,0.000000,0.006903,0.011856,0.023063,0.012925,0.006741,0.012828,0.012771,0.000001,4.224168,0.011855,0.023062,0.012925,0.131015,0.017640,0.010104,0.009396,19.666827,80.767184,8.614533,0.017080,0.035982,0.011792,0.027646,0.000001,0.011646,0.134157,0.077508,0.012828,0.012771,0.000000,0.266994,0.000000,0.025602,0.020855,0.131014,0.027168,0.049593,0.054186,0.134156,0.090389,0.347111,0.000000,0.006555,0.010104,0.009396,0.035982,0.011792,0.026269,0.011646,0.003850,31.433878
0001-01-05 00:00:00,0.000001,21.150177,1.600000,21.150177,25.710469,10.629382,4.872109,0.110328,0.000000,0.006634,0.012942,0.036344,0.012376,0.006774,0.011778,0.012847,0.000001,6.785460,0.012941,0.036343,0.012376,0.131146,0.013603,0.009242,0.009773,30.361465,96.460535,5.886849,0.009071,0.038625,0.012078,0.022555,0.000001,0.011890,0.134779,0.075814,0.011778,0.012846,0.000000,0.559751,0.000000,0.041191,0.019661,0.131146,0.022706,0.039413,0.055091,0.134778,0.087593,0.545916,0.000000,0.007111,0.009242,0.009773,0.038625,0.012078,0.020300,0.011889,0.003111,57.507397
0001-01-06 00:00:00,0.000001,17.483473,1.411764,17.483474,20.580024,10.581452,7.803571,0.066890,0.000000,0.006916,0.012542,0.016455,0.012715,0.006751,0.013062,0.012970,0.000001,11.798225,0.012541,0.016454,0.012715,0.130243,0.021276,0.009428,0.009491,28.729799,24.015779,4.745539,0.015183,0.039477,0.012200,0.019181,0.000001,0.011658,0.132473,0.084085,0.013062,0.012970,0.000000,0.277915,0.000000,0.018029,0.021826,0.130243,0.030392,0.036910,0.060497,0.132473,0.097147,0.327506,0.000000,0.006599,0.009428,0.009491,0.039477,0.012200,0.015963,0.011657,0.001956,37.787379
0001-01-07 00:00:00,0.000001,23.571618,1.200000,23.571619,15.072788,12.745394,6.136149,0.057662,0.000000,0.006661,0.012448,0.040059,0.012798,0.006857,0.012603,0.012520,0.000001,10.548095,0.012448,0.040058,0.012798,0.131612,0.015349,0.009276,0.009934,33.494729,39.129785,3.277214,0.011502,0.037044,0.012272,0.020660,0.000001,0.011824,0.135874,0.078366,0.012603,0.012519,0.000000,0.308292,0.000000,0.045387,0.019275,0.131612,0.024863,0.037264,0.055683,0.135874,0.091058,0.367375,0.000000,0.006681,0.009276,0.009934,0.037044,0.012272,0.018384,0.011823,0.002454,57.956711
0001-01-08 00:00:00,0.000001,21.521596,1.142857,21.521596,12.470654,10.958675,8.113155,0.049789,0.000000,0.006820,0.012792,0.027329,0.013128,0.006812,0.013028,0.012805,0.000001,16.001458,0.012791,0.027326,0.013128,0.131993,0.022427,0.009719,0.009498,15.112766,94.108691,10.805499,0.018131,0.037054,0.011321,0.039077,0.000001,0.011949,0.131750,0.078177,0.013029,0.012805,0.000000,0.192575,0.000000,0.028744,0.021974,0.131992,0.032193,0.066801,0.050777,0.131749,0.091139,0.294849,0.000000,0.006747,0.009719,0.009498,0.037054,0.011321,0.037296,0.011949,0.000889,43.874519
0001-01-09 00:00:00,0.000001,22.389234,1.333333,22.389234,6.148171,9.811182,7.103056,0.021165,0.000000,0.006829,0.012745,0.029459,0.013024,0.006839,0.012572,0.012871,0.000001,29.886624,0.012745,0.029459,0.013025,0.132252,0.024777,0.010021,0.009894,15.765572,32.810224,8.678483,0.022854,0.038261,0.011626,0.022301,0.000001,0.011841,0.133925,0.077952,0.012572,0.012871,0.000000,0.073816,0.000000,0.032850,0.021027,0.132251,0.034496,0.043962,0.063322,0.133924,0.090557,0.202654,0.000000,0.006735,0.010021,0.009894,0.038261,0.011626,0.019885,0.011841,0.002465,57.544565
0001-01-10 00:00:00,0.000001,20.010165,1.411764,20.010166,15.299806,12.284159,7.010187,0.055298,0.000000,0.006995,0.013045,0.030222,0.012964,0.006554,0.012615,0.013051,0.000001,35.402150,0.013044,0.030221,0.012965,0.131544,0.019358,0.009203,0.009711,20.390790,62.248347,10.554955,0.016134,0.036552,0.012090,0.024244,0.000001,0.011693,0.135133,0.079714,0.012615,0.013051,0.000000,0.246352,0.000000,0.033792,0.021278,0.131544,0.028811,0.045594,0.054368,0.135133,0.092293,0.333144,0.000000,0.006657,0.009203,0.009711,0.036552,0.012090,0.022672,0.011692,0.002823,72.976685
0001-01-11 00:00:00,0.000001,18.754812,1.600000,18.754812,20.194347,11.780300,7.052087,0.052174,0.000000,0.006849,0.012620,0.028945,0.012324,0.006766,0.012956,0.012522,0.000001,29.126257,0.012620,0.028945,0.012324,0.130545,0.020494,0.009500,0.009899,44.965021,25.735651,12.347719,0.018726,0.037205,0.011682,0.024065,0.000001,0.011862,0.133919,0.077885,0.012956,0.012522,0.000000,0.221315,0.000000,0.032495,0.020321,0.130544,0.029913,0.046056,0.057822,0.133919,0.090808,0.305626,0.000000,0.006994,0.009500,0.009899,0.037205,0.011682,0.021381,0.011862,0.003252,58.967563
0001-01-12 00:00:00,0.000001,18.454599,1.714285,18.454599,18.470051,11.516497,6.865530,0.055811,0.000000,0.006887,0.011890,0.025646,0.012405,0.006515,0.012455,0.012259,0.000001,22.525956,0.011890,0.025645,0.012405,0.130343,0.019177,0.010017,0.009667,36.407879,84.227623,6.843733,0.016211,0.038681,0.012048,0.022123,0.000001,0.012040,0.132240,0.074581,0.012455,0.012259,0.000000,0.238724,0.000000,0.028721,0.020026,0.130342,0.029035,0.042194,0.059623,0.132240,0.087045,0.323807,0.000000,0.006488,0.010017,0.009667,0.038681,0.012048,0.020978,0.012039,0.003200,63.026637
0001-01-13 00:00:00,0.000001,27.405253,1.500000,27.405253,22.147257,11.694144,8.636786,0.055481,0.000000,0.006705,0.012640,0.027256,0.012950,0.006428,0.012844,0.012661,0.000001,21.024755,0.012640,0.027255,0.012951,0.131862,0.017190,0.009402,0.010061,39.188623,69.255949,6.320032,0.012794,0.037487,0.012072,0.016395,0.000001,0.011527,0.133476,0.081755,0.012844,0.012660,0.000000,0.255588,0.000000,0.031397,0.020719,0.131862,0.026815,0.032665,0.057897,0.133475,0.094631,0.329106,0.000000,0.006663,0.009402,0.010061,0.037487,0.012072,0.014892,0.011527,0.002446,74.229365
0001-01-14 00:00:00,0.000001,21.493195,1.263158,21.493195,13.359735,12.263314,6.539539,0.042035,0.000000,0.006789,0.013105,0.029987,0.012740,0.007001,0.012819,0.013332,0.000001,14.871452,0.013105,0.029986,0.012740,0.132234,0.018964,0.009654,0.009927,37.803230,24.025186,5.027001,0.014996,0.037428,0.012015,0.016570,0.000001,0.012023,0.133687,0.086939,0.012819,0.013331,0.000000,0.202656,0.000000,0.034877,0.020257,0.132233,0.028725,0.033728,0.059160,0.133687,0.099758,0.284775,0.000000,0.006645,0.009654,0.009927,0.037428,0.012015,0.013830,0.012023,0.002374,69.174866
0001-01-15 00:00:00,0.000001,22.857935,1.333333,22.857935,10.352574,11.654791,11.624165,0.035467,0.000000,0.006617,0.012888,0.025478,0.012226,0.006837,0.013257,0.012596,0.000001,19.479748,0.012887,0.025476,0.012227,0.131506,0.023181,0.009764,0.009743,23.377247,52.457581,10.830757,0.021926,0.037072,0.011522,0.027474,0.000001,0.011503,0.132623,0.080061,0.013257,0.012596,0.000000,0.115066,0.000000,0.028340,0.020783,0.131505,0.032830,0.052376,0.057474,0.132623,0.093351,0.241217,0.000000,0.006744,0.009764,0.009743,0.037072,0.011522,0.026030,0.011502,0.000934,53.524585
0001-01-16 00:00:00,0.095469,23.165008,1.090909,23.165008,4.655032,12.554420,9.054950,0.016704,0.000000,0.006587,0.012549,0.028832,0.012594,0.006619,0.012842,0.012877,0.000001,30.565156,0.012549,0.028831,0.012594,0.131457,0.029405,0.009652,0.009568,15.924161,52.604403,10.114956,0.029385,0.037125,0.011567,0.028037,0.000001,0.012555,0.133795,0.074540,0.012842,0.012877,0.000000,0.026772,0.000000,0.031757,0.020702,0.131457,0.038716,0.054280,0.064194,0.133795,0.087378,0.180019,0.000000,0.006787,0.009652,0.009568,0.037125,0.011567,0.026554,0.012554,0.002120,51.828989
0001-01-17 00:00:00,0.000001,18.661171,1.846154,18.661171,19.271427,6.017809,7.633477,0.054060,0.000000,0.006854,0.011833,0.013787,0.012828,0.006813,0.012841,0.012861,0.000001,34.787095,0.011833,0.013786,0.012828,0.129996,0.024909,0.009733,0.009756,18.318622,41.500789,11.106265,0.019966,0.038795,0.011819,0.027820,0.000001,0.011746,0.133191,0.077909,0.012841,0.012861,0.000000,0.183587,0.000000,0.014597,0.021670,0.129995,0.034911,0.051527,0.058979,0.133190,0.090723,0.277220,0.000000,0.006908,0.009733,0.009756,0.038795,0.011819,0.025417,0.011745,0.003597,58.263566
0001-01-18 00:00:00,0.000001,20.853756,1.500000,20.853756,17.201058,11.248684,8.849151,0.050786,0.000000,0.007067,0.013306,0.024610,0.012451,0.006809,0.013135,0.013133,0.000001,32.573252,0.013306,0.024609,0.012451,0.131588,0.021411,0.009818,0.009512,25.726981,42.362053,11.325039,0.020124,0.037549,0.011764,0.034159,0.000001,0.011801,0.133211,0.079946,0.013135,0.013133,0.000000,0.191502,0.000000,0.027478,0.021528,0.131587,0.031174,0.060556,0.054841,0.133210,0.093081,0.291658,0.000000,0.006854,0.009818,0.009512,0.037549,0.011764,0.031398,0.011801,0.002869,53.221958
0001-01-19 00:00:00,0.000001,16.143384,1.600000,16.143384,22.772689,7.687662,7.391925,0.071171,0.000000,0.006905,0.012848,0.016304,0.012570,0.006740,0.013154,0.012947,0.000001,28.828674,0.012848,0.016303,0.012571,0.130481,0.019179,0.009563,0.009496,32.066366,56.168260,6.701904,0.017519,0.038961,0.012345,0.029462,0.000001,0.011632,0.131427,0.081237,0.013154,0.012946,0.000000,0.287074,0.000000,0.018012,0.021962,0.130480,0.028989,0.052034,0.057661,0.131426,0.094373,0.350382,0.000000,0.007145,0.009563,0.009496,0.038961,0.012345,0.026942,0.011632,0.003597,57.633268
0001-01-20 00:00:00,0.000001,22.893513,1.333333,22.893514,16.975106,12.046497,5.914236,0.063154,0.000000,0.006893,0.013289,0.026333,0.012640,0.006431,0.012821,0.012798,0.000001,28.158572,0.013288,0.026333,0.012641,0.131432,0.016495,0.009675,0.009533,40.487841,45.902478,4.047419,0.012053,0.038736,0.012083,0.011593,0.000001,0.011709,0.133744,0.082987,0.012821,0.012798,0.000000,0.307875,0.000000,0.030785,0.020599,0.131432,0.026181,0.023793,0.062448,0.133743,0.095808,0.356455,0.000000,0.006674,0.009675,0.009533,0.038736,0.012083,0.010107,0.011708,0.001813,85.147067
0001-01-21 00:00:00,0.000001,19.082636,1.333333,19.082637,15.503506,13.689809,6.336124,0.048745,0.000000,0.006968,0.012668,0.031216,0.012597,0.006559,0.012700,0.012807,0.000001,21.821466,0.012668,0.031215,0.012598,0.131998,0.018486,0.009605,0.009683,52.278997,26.037859,5.092693,0.013755,0.038031,0.011984,0.013544,0.000001,0.011957,0.132816,0.081950,0.012700,0.012807,0.000000,0.241550,0.000000,0.036400,0.019492,0.131997,0.028305,0.027494,0.061375,0.132816,0.094673,0.311727,0.000000,0.006832,0.009605,0.009683,0.038031,0.011984,0.011672,0.011957,0.002494,78.587627
0001-01-22 00:00:00,0.000001,24.537772,1.333333,24.537772,14.253573,15.721166,7.600542,0.040024,0.000000,0.006866,0.012220,0.033748,0.012690,0.006819,0.012464,0.012800,0.000001,25.544058,0.012219,0.033747,0.012690,0.131005,0.020377,0.009511,0.009502,22.590670,58.456592,14.082837,0.015363,0.038323,0.011666,0.023786,0.000001,0.012413,0.132376,0.079522,0.012464,0.012800,0.000000,0.189531,0.000000,0.038155,0.019420,0.131005,0.029860,0.044693,0.057063,0.132375,0.091986,0.290400,0.000000,0.006763,0.009511,0.009502,0.038323,0.011666,0.022182,0.012412,0.000946,86.022439
0001-01-23 00:00:00,0.166925,44.422337,1.200000,44.422338,7.655356,12.144368,16.334364,0.022792,0.000000,0.007026,0.012627,0.022845,0.012606,0.006696,0.012635,0.012598,0.000001,36.233546,0.012626,0.022845,0.012607,0.131114,0.027161,0.009579,0.009782,17.468875,69.678172,16.087813,0.025641,0.036753,0.011859,0.025211,0.000001,0.011905,0.134195,0.076155,0.012636,0.012597,0.000000,0.050593,0.000000,0.025580,0.021038,0.131113,0.036794,0.049330,0.062115,0.134194,0.088807,0.194154,0.000000,0.006922,0.009579,0.009782,0.036753,0.011859,0.024113,0.011904,0.002184,67.470963
0001-01-24 00:00:00,0.208318,20.735814,1.600000,20.735814,17.184465,11.829274,6.872310,0.039541,0.000000,0.006894,0.012853,0.041975,0.013057,0.006522,0.012787,0.012372,0.000001,44.495341,0.012853,0.041974,0.013058,0.131639,0.024082,0.009771,0.009681,23.762735,28.288439,11.031096,0.028786,0.036114,0.011960,0.038429,0.000001,0.011687,0.134605,0.067994,0.012787,0.012371,0.000000,0.157751,0.000000,0.046177,0.020674,0.131639,0.033704,0.069499,0.057227,0.134605,0.080752,0.264938,0.000000,0.006643,0.009771,0.009681,0.036114,0.011960,0.034366,0.011686,0.004359,66.894090
0001-01-25 00:00:00,0.000001,33.877939,1.333333,33.877939,10.971972,18.113631,13.494801,0.035815,0.000000,0.006773,0.012868,0.035185,0.012868,0.006957,0.012739,0.012694,0.000001,32.933079,0.012867,0.035184,0.012868,0.130742,0.025510,0.009680,0.009778,46.067314,46.762789,12.973986,0.023048,0.036224,0.012335,0.040484,0.000001,0.011777,0.133781,0.074548,0.012739,0.012693,0.000000,0.137044,0.000000,0.038054,0.020976,0.130741,0.034861,0.070267,0.053286,0.133781,0.087294,0.257256,0.000000,0.006952,0.009680,0.009778,0.036224,0.012335,0.038001,0.011776,0.002349,62.937556
0001-01-26 00:00:00,0.000001,17.054755,1.846154,17.054755,19.751929,9.786219,6.616707,0.054262,0.000000,0.006796,0.013209,0.037708,0.012741,0.006425,0.012682,0.012163,0.000001,33.635446,0.013209,0.037708,0.012742,0.129673,0.020482,0.009626,0.009589,30.764324,71.081526,6.782025,0.016899,0.036900,0.011593,0.032133,0.000001,0.011813,0.131834,0.073045,0.012682,0.012163,0.000000,0.235906,0.000000,0.041350,0.021002,0.129673,0.030329,0.056475,0.052710,0.131834,0.085720,0.322313,0.000000,0.006768,0.009626,0.009589,0.036900,0.011593,0.030157,0.011813,0.003986,65.563567
0001-01-27 00:00:00,0.000001,36.464399,1.333333,36.464400,19.923528,15.653249,7.067813,0.071018,0.000000,0.006819,0.012838,0.037415,0.012790,0.006879,0.012815,0.013388,0.000001,37.673075,0.012838,0.037414,0.012790,0.132001,0.015859,0.009931,0.009351,65.145147,43.107547,8.262247,0.011623,0.036945,0.011963,0.021351,0.000001,0.010914,0.133259,0.088477,0.012815,0.013388,0.000000,0.358083,0.000000,0.042554,0.019937,0.132001,0.025821,0.039441,0.054175,0.133258,0.101363,0.394017,0.000000,0.006986,0.009931,0.009351,0.036945,0.011963,0.018334,0.010914,0.002087,97.778884
0001-01-28 00:00:00,0.000001,21.768548,1.411764,21.768548,14.554907,11.584075,5.910102,0.041096,0.000000,0.007000,0.012808,0.026511,0.012779,0.006734,0.012324,0.012704,0.000001,22.650674,0.012808,0.026511,0.012780,0.131857,0.019159,0.009659,0.009717,43.684706,27.582453,5.658496,0.015402,0.039295,0.011590,0.013960,0.000001,0.012137,0.132591,0.079701,0.012324,0.012704,0.000000,0.188039,0.000000,0.030744,0.020446,0.131857,0.028999,0.029140,0.062825,0.132591,0.092007,0.277085,0.000000,0.006629,0.009659,0.009717,0.039295,0.011590,0.012212,0.012137,0.002651,75.747530
0001-01-29 00:00:00,0.000001,22.751478,1.200000,22.751478,11.256219,11.629825,11.601188,0.039367,0.000000,0.006629,0.012349,0.026964,0.012923,0.006494,0.012665,0.012358,0.000001,31.531133,0.012347,0.026962,0.012923,0.131588,0.023619,0.009663,0.009832,18.637798,88.862642,10.839879,0.021073,0.037617,0.011672,0.035498,0.000001,0.011882,0.132968,0.073395,0.012665,0.012358,0.000000,0.139344,0.000000,0.028339,0.021472,0.131587,0.033454,0.062972,0.054627,0.132967,0.086092,0.257478,0.000000,0.006751,0.009663,0.009832,0.037617,0.011672,0.034158,0.011882,0.000936,68.356813
0001-01-30 00:00:00,1.289277,33.797727,1.142857,33.905420,2.100404,15.574595,10.821359,0.010936,0.000000,0.006596,0.012404,0.038091,0.012743,0.006930,0.013184,0.012351,0.000001,36.549841,0.012403,0.038091,0.012744,0.132249,0.029269,0.009503,0.009916,17.156390,29.097736,11.569219,0.029731,0.036327,0.012344,0.032571,0.000001,0.011925,0.135029,0.074458,0.013184,0.012351,0.000000,0.018227,0.000000,0.042104,0.020245,0.132249,0.038921,0.061653,0.061304,0.135029,0.087614,0.174556,0.000000,0.006733,0.009503,0.009916,0.036327,0.012344,0.030104,0.011924,0.002048,61.045317
0001-01-31 00:00:00,0.000001,18.829336,1.846154,18.829336,22.405493,11.294151,6.399554,0.050543,0.000000,0.006943,0.013321,0.022151,0.012973,0.006962,0.012614,0.012217,0.000001,39.257041,0.013321,0.022150,0.012974,0.131589,0.020846,0.009430,0.009482,32.970090,67.864955,9.584711,0.019882,0.037250,0.012386,0.018627,0.000001,0.011569,0.133919,0.079626,0.012614,0.012217,0.000000,0.208288,0.000000,0.025629,0.021785,0.131588,0.030595,0.037599,0.061683,0.133919,0.092240,0.307047,0.000000,0.006743,0.009430,0.009482,0.037250,0.012386,0.017602,0.011568,0.003830,87.272549
0001-02-01 00:00:00,0.000001,26.000060,1.500000,26.000061,9.636226,11.416842,9.976693,0.030885,0.000000,0.007108,0.012207,0.036490,0.012864,0.006808,0.012618,0.013286,0.000001,32.810739,0.012207,0.036489,0.012864,0.131462,0.024849,0.009217,0.009680,20.725205,42.947792,16.682945,0.025315,0.036139,0.011691,0.036179,0.000001,0.012109,0.133792,0.076406,0.012618,0.013286,0.000000,0.105256,0.000000,0.040094,0.020092,0.131461,0.033960,0.066200,0.055315,0.133791,0.089030,0.234208,0.000000,0.006830,0.009217,0.009680,0.036139,0.011691,0.033469,0.012108,0.002896,58.099170
0001-02-02 00:00:00,0.000001,16.589744,1.600000,16.589744,19.295214,7.369220,7.665615,0.051377,0.000000,0.006719,0.012577,0.017529,0.012675,0.006691,0.012776,0.012819,0.000001,28.933548,0.012576,0.017527,0.012676,0.130209,0.020799,0.009552,0.009427,35.845970,57.816388,8.839380,0.018918,0.035598,0.012054,0.027254,0.000001,0.011848,0.132686,0.079934,0.012776,0.012819,0.000000,0.185339,0.000000,0.018735,0.021882,0.130208,0.030565,0.049441,0.055886,0.132686,0.092718,0.281933,0.000000,0.006492,0.009552,0.009427,0.035598,0.012054,0.025398,0.011847,0.002192,57.945001
0001-02-03 00:00:00,0.000001,19.822480,1.263158,19.822480,15.672857,16.043411,6.476181,0.064768,0.000000,0.006551,0.013034,0.026439,0.012566,0.006739,0.012669,0.012901,0.000001,29.372899,0.013034,0.026438,0.012566,0.130831,0.016175,0.009635,0.009171,58.232752,32.865580,4.367576,0.012537,0.035829,0.011621,0.016980,0.000001,0.011871,0.133657,0.082667,0.012669,0.012901,0.000000,0.316709,0.000000,0.030615,0.020455,0.130830,0.025684,0.031758,0.057285,0.133657,0.095283,0.355561,0.000000,0.007110,0.009635,0.009171,0.035829,0.011621,0.014361,0.011870,0.002634,94.948213
0001-02-04 00:00:00,0.000001,24.625587,1.500000,24.625587,13.582054,9.267359,6.776312,0.041160,0.000000,0.007001,0.012874,0.029496,0.013049,0.006625,0.012504,0.012966,0.000001,22.219397,0.012873,0.029496,0.013050,0.131145,0.019426,0.009749,0.009537,39.781163,42.744047,4.495047,0.018623,0.037361,0.011740,0.020972,0.000001,0.011487,0.134415,0.079503,0.012504,0.012966,0.000000,0.184014,0.000000,0.033965,0.020585,0.131144,0.028868,0.040707,0.060262,0.134414,0.092025,0.280694,0.000000,0.006846,0.009749,0.009537,0.037361,0.011740,0.019286,0.011486,0.002453,76.880426
0001-02-05 00:00:00,0.000001,22.508454,1.333333,22.508454,12.590938,14.913668,9.490385,0.038778,0.000000,0.006803,0.012950,0.028031,0.012490,0.006882,0.012654,0.012934,0.000001,28.412778,0.012950,0.028028,0.012490,0.130637,0.022093,0.009291,0.009624,29.245358,45.600508,9.949336,0.019035,0.037016,0.011349,0.028488,0.000001,0.012119,0.131783,0.080986,0.012654,0.012934,0.000000,0.151664,0.000000,0.031218,0.020808,0.130636,0.031515,0.052220,0.055575,0.131782,0.093641,0.262302,0.000000,0.007023,0.009291,0.009624,0.037016,0.011349,0.026347,0.012119,0.000905,70.578596
0001-02-06 00:00:00,0.032983,28.742550,1.142857,28.742550,5.094688,15.233965,10.072461,0.018195,0.000000,0.006480,0.013101,0.041869,0.013178,0.006964,0.012789,0.012234,0.000001,47.762028,0.013101,0.041868,0.013178,0.131875,0.026964,0.009890,0.009531,20.875233,40.251378,11.364531,0.026339,0.036593,0.011954,0.033165,0.000001,0.011797,0.133700,0.073268,0.012789,0.012234,0.000000,0.058147,0.000000,0.046012,0.020826,0.131875,0.036618,0.061894,0.057593,0.133700,0.086079,0.201879,0.000000,0.006755,0.009889,0.009531,0.036593,0.011954,0.030825,0.011796,0.002305,71.369677
0001-02-07 00:00:00,0.000001,18.011034,1.500000,18.011034,10.835912,11.089637,7.244798,0.032057,0.000000,0.006657,0.012400,0.036441,0.012657,0.006877,0.012641,0.012624,0.000001,43.838673,0.012400,0.036440,0.012658,0.130812,0.025795,0.009444,0.010151,23.145996,48.286072,7.341556,0.024709,0.038740,0.011798,0.035230,0.000001,0.011876,0.132785,0.072376,0.012641,0.012624,0.000000,0.119961,0.000000,0.039491,0.020111,0.130811,0.035155,0.063799,0.058281,0.132784,0.084987,0.242625,0.000000,0.006990,0.009444,0.010151,0.038740,0.011798,0.032885,0.011876,0.002916,74.059447
0001-02-08 00:00:00,0.000001,24.573999,1.846154,24.574000,26.495766,13.767062,8.102406,0.065461,0.000000,0.006926,0.012495,0.039480,0.012770,0.006869,0.012327,0.012366,0.000001,53.313302,0.012495,0.039479,0.012771,0.130399,0.019379,0.009804,0.009521,45.894324,49.763922,20.985088,0.016668,0.038470,0.011695,0.040915,0.000001,0.011356,0.133436,0.070575,0.012327,0.012366,0.000000,0.307783,0.000000,0.044240,0.019586,0.130398,0.029334,0.067441,0.051815,0.133435,0.082921,0.366588,0.000000,0.007038,0.009804,0.009521,0.038470,0.011695,0.036883,0.011355,0.003666,102.003783
0001-02-09 00:00:00,0.000001,25.496233,1.263158,25.496234,14.479967,12.081371,6.579904,0.057379,0.000000,0.006807,0.012415,0.033226,0.012737,0.006641,0.013459,0.012548,0.000001,42.520432,0.012414,0.033225,0.012737,0.131297,0.018996,0.009480,0.009542,37.482133,45.792746,20.072605,0.016130,0.038084,0.011982,0.036140,0.000001,0.011567,0.131796,0.078712,0.013459,0.012548,0.000000,0.266067,0.000000,0.036808,0.020139,0.131296,0.028466,0.061812,0.051486,0.131795,0.092141,0.335035,0.000000,0.006769,0.009480,0.009542,0.038084,0.011982,0.031584,0.011567,0.001945,97.484128
0001-02-10 00:00:00,0.000001,25.420213,1.500000,25.420213,19.347041,14.369394,10.459224,0.041183,0.000000,0.006871,0.012783,0.017986,0.012944,0.006835,0.012559,0.012522,0.000001,30.952980,0.012783,0.017986,0.012944,0.131413,0.019972,0.009576,0.009385,42.450037,43.008196,12.508969,0.016025,0.037022,0.011339,0.014036,0.000001,0.011976,0.133504,0.080918,0.012559,0.012521,0.000000,0.160713,0.000000,0.020295,0.021728,0.131413,0.029609,0.028822,0.061646,0.133504,0.093470,0.260306,0.000000,0.007052,0.009576,0.009385,0.037022,0.011339,0.012600,0.011975,0.003097,79.537140
0001-02-11 00:00:00,0.000001,18.407041,1.333333,18.407041,15.187028,7.802325,6.891748,0.049224,0.000000,0.006586,0.012667,0.019612,0.012388,0.006943,0.012634,0.012851,0.000001,29.962206,0.012667,0.019611,0.012388,0.131220,0.020703,0.009591,0.009725,39.560422,38.913289,8.503810,0.017205,0.037262,0.011833,0.023285,0.000001,0.011937,0.132095,0.079579,0.012634,0.012851,0.000000,0.191569,0.000000,0.021637,0.021315,0.131219,0.030488,0.043150,0.058252,0.132094,0.092270,0.283167,0.000000,0.006895,0.009591,0.009725,0.037262,0.011833,0.021181,0.011937,0.002548,77.664112
0001-02-12 00:00:00,0.000001,28.258430,1.263158,28.258430,11.217509,12.414712,13.625574,0.038536,0.000000,0.006585,0.013212,0.029724,0.012484,0.006801,0.012877,0.012791,0.000001,33.624836,0.013210,0.029723,0.012484,0.131605,0.026011,0.009413,0.009319,19.210822,49.943074,11.500779,0.022651,0.036117,0.011666,0.039594,0.000001,0.011958,0.133683,0.075019,0.012877,0.012791,0.000000,0.128135,0.000000,0.032106,0.021339,0.131605,0.035150,0.068883,0.053060,0.133683,0.087891,0.250219,0.000000,0.006917,0.009413,0.009319,0.036117,0.011666,0.037032,0.011958,0.000951,60.805690
0001-02-13 00:00:00,0.087766,28.861674,1.043478,28.923800,3.859797,15.668452,10.784860,0.015573,0.000000,0.006697,0.012584,0.031124,0.012746,0.006719,0.012893,0.013023,0.000001,42.548734,0.012584,0.031123,0.012747,0.132514,0.027931,0.009665,0.009889,20.851596,39.541845,9.792398,0.029008,0.038816,0.011980,0.027835,0.000001,0.011857,0.134452,0.077086,0.012893,0.013023,0.000000,0.027405,0.000000,0.034731,0.020747,0.132513,0.037625,0.054183,0.065014,0.134452,0.089975,0.180895,0.000000,0.006725,0.009665,0.009889,0.038816,0.011980,0.025981,0.011857,0.001942,63.278278
0001-02-14 00:00:00,0.000001,20.458196,1.714285,20.458196,14.022223,10.195981,7.001558,0.029974,0.000000,0.006715,0.012845,0.023677,0.012525,0.006869,0.012621,0.013000,0.000001,33.289896,0.012845,0.023677,0.012526,0.131039,0.021794,0.009648,0.009959,20.497322,53.335810,8.110717,0.019247,0.036927,0.011828,0.019171,0.000001,0.011661,0.133860,0.080741,0.012621,0.013000,0.000000,0.109205,0.000000,0.027127,0.020948,0.131038,0.031223,0.036979,0.061984,0.133859,0.093363,0.231291,0.000000,0.006852,0.009648,0.009959,0.036927,0.011828,0.017850,0.011661,0.004014,73.132591
0001-02-15 00:00:00,0.000001,25.120032,1.846154,25.120033,22.220103,17.992171,9.589360,0.046282,0.000000,0.006741,0.012617,0.028516,0.013194,0.006615,0.012788,0.012758,0.000001,34.043136,0.012617,0.028515,0.013194,0.131808,0.021967,0.009888,0.010171,51.956561,49.089438,15.457670,0.018883,0.037145,0.012183,0.036470,0.000001,0.011286,0.132248,0.074054,0.012788,0.012758,0.000000,0.193458,0.000000,0.030022,0.021935,0.131808,0.032140,0.062252,0.052987,0.132248,0.086850,0.289388,0.000000,0.006733,0.009888,0.010171,0.037145,0.012183,0.033526,0.011286,0.003326,77.951983
0001-02-16 00:00:00,0.000001,20.658941,1.500000,20.658941,15.565744,12.088848,7.587946,0.047375,0.000000,0.006839,0.012544,0.026175,0.012582,0.006834,0.012589,0.012546,0.000001,24.665506,0.012543,0.026174,0.012583,0.131522,0.020221,0.009628,0.009996,62.367825,44.692089,5.818377,0.019551,0.037604,0.011763,0.028781,0.000001,0.011888,0.132655,0.076192,0.012589,0.012546,0.000000,0.199510,0.000000,0.028964,0.020743,0.131522,0.029961,0.052094,0.057264,0.132655,0.088748,0.290032,0.000000,0.006832,0.009628,0.009996,0.037604,0.011763,0.025864,0.011887,0.002202,71.695621
0001-02-17 00:00:00,0.000001,30.295806,1.333333,30.295807,15.704914,18.281450,6.843530,0.051873,0.000000,0.006840,0.012697,0.036724,0.013223,0.007140,0.013514,0.012526,0.000001,21.745630,0.012696,0.036724,0.013223,0.132034,0.016502,0.009993,0.009706,69.702172,39.729202,5.559151,0.011805,0.037443,0.012067,0.015752,0.000001,0.011325,0.131089,0.088180,0.013514,0.012525,0.000000,0.289462,0.000000,0.042517,0.019559,0.132033,0.026401,0.031075,0.058409,0.131088,0.101741,0.349961,0.000000,0.006553,0.009993,0.009706,0.037443,0.012067,0.013201,0.011324,0.002577,117.811351
0001-02-18 00:00:00,0.000001,21.098869,1.411764,21.098869,13.388121,13.948819,5.697628,0.037133,0.000000,0.006932,0.012723,0.036362,0.012681,0.006902,0.012622,0.012812,0.000001,15.311374,0.012723,0.036362,0.012682,0.131758,0.019621,0.009612,0.009538,76.275232,36.932862,4.372392,0.016544,0.037743,0.012319,0.024008,0.000001,0.011863,0.132795,0.080361,0.012622,0.012812,0.000000,0.188199,0.000000,0.041075,0.019788,0.131758,0.029294,0.043583,0.058324,0.132794,0.092993,0.284770,0.000000,0.006590,0.009612,0.009538,0.037743,0.012319,0.021576,0.011862,0.002883,90.319689
0001-02-19 00:00:00,0.000001,27.853373,1.263158,27.853373,10.778470,13.618815,11.606021,0.042688,0.000000,0.006684,0.012898,0.029786,0.012635,0.007012,0.012883,0.012482,0.000001,16.831988,0.012897,0.029784,0.012635,0.130754,0.021797,0.009650,0.009420,31.193314,56.387271,14.582829,0.019000,0.037286,0.012483,0.031116,0.000001,0.012116,0.132506,0.077762,0.012883,0.012481,0.000000,0.175497,0.000000,0.032565,0.021066,0.130754,0.031521,0.055210,0.057409,0.132505,0.090630,0.277891,0.000000,0.006933,0.009650,0.009420,0.037286,0.012483,0.028944,0.012116,0.000856,83.729522
0001-02-20 00:00:00,1.226153,30.342628,1.142857,31.518150,1.064258,13.669208,9.491535,0.009053,0.000000,0.006703,0.012628,0.046918,0.012797,0.006693,0.012621,0.013337,0.000001,32.516030,0.012628,0.046917,0.012797,0.131802,0.031708,0.009554,0.009491,33.558260,36.465649,12.501888,0.031627,0.038334,0.011952,0.037514,0.000001,0.011799,0.134245,0.073669,0.012621,0.013337,0.000000,0.016433,0.000000,0.051575,0.019809,0.131802,0.040892,0.069220,0.061387,0.134244,0.086305,0.176085,0.000000,0.006830,0.009554,0.009491,0.038334,0.011952,0.034929,0.011799,0.002833,69.072580
0001-02-21 00:00:00,0.000001,16.812222,1.600000,16.812222,19.306329,6.667834,8.929571,0.043242,0.000000,0.006825,0.012365,0.012719,0.012694,0.006732,0.012602,0.012643,0.000001,34.085257,0.012365,0.012719,0.012694,0.129705,0.026511,0.009603,0.009538,28.306610,62.658032,11.121391,0.023845,0.037387,0.011649,0.027510,0.000001,0.011620,0.133185,0.075810,0.012602,0.012643,0.000000,0.121784,0.000000,0.013268,0.022191,0.129705,0.036124,0.053066,0.059117,0.133184,0.088401,0.241237,0.000000,0.006954,0.009603,0.009538,0.037387,0.011649,0.026117,0.011620,0.003392,66.826836
0001-02-22 00:00:00,0.000001,23.528808,1.846154,23.528809,21.611410,10.096513,9.767946,0.049444,0.000000,0.006744,0.013004,0.025038,0.012508,0.006762,0.012852,0.012916,0.000001,38.588043,0.013003,0.025037,0.012508,0.130509,0.024858,0.009396,0.009807,55.051351,35.278456,10.655803,0.023433,0.037548,0.011701,0.035692,0.000001,0.011914,0.133811,0.075610,0.012852,0.012916,0.000000,0.165187,0.000000,0.026621,0.021791,0.130509,0.034490,0.064501,0.055383,0.133811,0.088450,0.269560,0.000000,0.007203,0.009396,0.009807,0.037548,0.011701,0.032537,0.011914,0.003198,60.215126
0001-02-23 00:00:00,0.000001,23.183110,1.500000,23.183111,22.700675,10.472602,8.991451,0.064833,0.000000,0.006816,0.012673,0.019607,0.012476,0.007007,0.013183,0.012332,0.000001,28.266633,0.012673,0.019607,0.012477,0.130388,0.017358,0.009787,0.009318,62.854917,65.416137,5.814056,0.015631,0.037961,0.012038,0.020137,0.000001,0.012147,0.132655,0.081264,0.013183,0.012331,0.000000,0.275930,0.000000,0.022472,0.020943,0.130387,0.027046,0.037708,0.061043,0.132654,0.094438,0.347020,0.000000,0.006427,0.009787,0.009318,0.037961,0.012038,0.018602,0.012147,0.003599,85.123146
0001-02-24 00:00:00,0.000001,24.139843,1.411764,24.139844,21.793091,16.549429,5.496756,0.082180,0.000000,0.006357,0.012831,0.049677,0.012374,0.006321,0.012472,0.012800,0.000001,35.878891,0.012830,0.049676,0.012375,0.130880,0.014343,0.010024,0.009323,64.414891,31.787321,3.916577,0.012560,0.037987,0.012027,0.024634,0.000001,0.011947,0.133378,0.076955,0.012472,0.012800,0.000000,0.462355,0.000000,0.055569,0.018544,0.130879,0.024561,0.044667,0.053367,0.133378,0.089528,0.451489,0.000000,0.006991,0.010024,0.009323,0.037987,0.012027,0.019517,0.011946,0.002028,137.640448
0001-02-25 00:00:00,0.000001,24.262845,1.263158,24.262845,10.957327,14.568066,7.860454,0.037546,0.000000,0.006716,0.012485,0.032746,0.012437,0.006754,0.012259,0.013007,0.000001,21.504324,0.012485,0.032745,0.012438,0.130299,0.019400,0.009786,0.009741,56.248851,37.672909,5.739443,0.015978,0.036200,0.011664,0.018105,0.000001,0.011830,0.133864,0.080190,0.012259,0.013007,0.000000,0.181388,0.000000,0.037769,0.019269,0.130298,0.028982,0.035299,0.058814,0.133864,0.092413,0.278632,0.000000,0.006642,0.009786,0.009741,0.036200,0.011664,0.016412,0.011829,0.002304,89.654775
0001-02-26 00:00:00,0.000001,19.263751,1.263158,19.263751,10.557979,13.781645,7.196363,0.036738,0.000000,0.006861,0.012103,0.037527,0.012268,0.006814,0.012318,0.012541,0.000001,29.652971,0.012101,0.037524,0.012269,0.130802,0.021140,0.009716,0.009748,31.134427,56.414748,9.376878,0.018508,0.036646,0.011709,0.027824,0.000001,0.012331,0.133842,0.075710,0.012318,0.012541,0.000000,0.162054,0.000000,0.042125,0.018975,0.130802,0.030748,0.050731,0.056068,0.133842,0.088028,0.272394,0.000000,0.006716,0.009716,0.009748,0.036646,0.011709,0.025988,0.012330,0.000867,88.279170
0001-02-27 00:00:00,3.715682,50.557860,1.200000,56.481823,0.972730,19.698556,15.731187,0.009777,0.000000,0.006843,0.012772,0.050757,0.012695,0.006563,0.012926,0.012461,0.000001,42.827728,0.012772,0.050757,0.012695,0.130847,0.033571,0.009727,0.009679,40.361186,44.498648,10.587034,0.035628,0.038171,0.011723,0.040389,0.000001,0.011952,0.133912,0.068707,0.012926,0.012461,0.000000,0.010086,0.000000,0.056183,0.019550,0.130846,0.043201,0.074137,0.063770,0.133911,0.081642,0.175447,0.000000,0.006926,0.009727,0.009679,0.038171,0.011723,0.038484,0.011952,0.002595,67.478837
0001-02-28 00:00:00,0.023290,17.755552,1.714285,17.755552,16.363907,13.368655,6.185356,0.031981,0.000000,0.006650,0.013026,0.029252,0.012570,0.006947,0.012333,0.012621,0.000001,30.201585,0.013026,0.029251,0.012570,0.131667,0.022139,0.009927,0.009623,35.868400,37.274562,7.173088,0.018436,0.037414,0.011946,0.018415,0.000001,0.012112,0.134603,0.076835,0.012333,0.012621,0.000000,0.137280,0.000000,0.034213,0.020145,0.131666,0.032423,0.036846,0.061931,0.134603,0.089138,0.252574,0.000000,0.006795,0.009927,0.009623,0.037414,0.011946,0.016956,0.012111,0.003644,90.935106
0001-03-01 00:00:00,0.000001,26.887315,1.411764,26.887316,20.547592,14.826218,9.892958,0.038518,0.000000,0.006782,0.013167,0.015722,0.012638,0.006739,0.013217,0.012905,0.000001,22.624075,0.013167,0.015721,0.012638,0.130952,0.021566,0.009630,0.009752,57.518566,70.320103,15.312995,0.020365,0.037719,0.011555,0.015788,0.000001,0.012049,0.133691,0.083513,0.013217,0.012905,0.000000,0.135007,0.000000,0.017623,0.022119,0.130952,0.031460,0.032694,0.065029,0.133690,0.096723,0.253518,0.000000,0.006831,0.009630,0.009752,0.037719,0.011555,0.014972,0.012048,0.002892,79.513042
0001-03-02 00:00:00,0.000001,19.194530,1.846154,19.194530,17.343148,10.594665,8.573510,0.045654,0.000000,0.007082,0.013119,0.025005,0.012152,0.006973,0.012442,0.012714,0.000001,15.538458,0.013118,0.025004,0.012153,0.131683,0.020215,0.009793,0.009417,57.923838,43.478193,13.491627,0.017904,0.037622,0.011850,0.019322,0.000001,0.011767,0.132931,0.081712,0.012442,0.012714,0.000000,0.191069,0.000000,0.028384,0.020623,0.131683,0.030048,0.038153,0.060946,0.132930,0.094181,0.283265,0.000000,0.006776,0.009793,0.009417,0.037622,0.011850,0.017326,0.011766,0.003575,83.218033
0001-03-03 00:00:00,0.000001,15.483634,1.263158,15.483634,14.855202,8.351683,6.003345,0.058751,0.000000,0.006583,0.012452,0.017279,0.012761,0.006867,0.012936,0.012646,0.000001,15.522809,0.012451,0.017279,0.012762,0.131942,0.018766,0.009588,0.009788,80.638666,46.007360,9.116704,0.016409,0.037818,0.012129,0.022435,0.000001,0.011857,0.133003,0.081541,0.012936,0.012646,0.000000,0.236556,0.000000,0.019041,0.021591,0.131941,0.028681,0.041748,0.058928,0.133002,0.094450,0.312923,0.000000,0.006914,0.009588,0.009788,0.037818,0.012129,0.020251,0.011857,0.001675,85.081225
0001-03-04 00:00:00,0.000001,27.222000,1.333333,27.222000,18.527829,8.834712,7.362858,0.055876,0.000000,0.006857,0.012286,0.020644,0.012950,0.006927,0.012642,0.012495,0.000001,13.999078,0.012286,0.020644,0.012950,0.131244,0.017106,0.009371,0.009546,72.031503,27.918429,5.973699,0.015747,0.038356,0.011669,0.013627,0.000001,0.011489,0.132867,0.082562,0.012642,0.012494,0.000000,0.243348,0.000000,0.023901,0.021039,0.131243,0.026440,0.027135,0.062997,0.132867,0.095226,0.312112,0.000000,0.006875,0.009371,0.009546,0.038356,0.011669,0.011880,0.011489,0.003494,96.380656
0001-03-05 00:00:00,0.000001,18.654499,1.263158,18.654499,14.668240,9.992095,7.388371,0.067285,0.000000,0.006777,0.012747,0.031338,0.013287,0.006959,0.012766,0.012414,0.000001,28.229848,0.012745,0.031336,0.013287,0.132319,0.018965,0.010088,0.009699,52.344398,59.813529,9.904781,0.017101,0.036445,0.011659,0.032302,0.000001,0.012033,0.133616,0.076682,0.012766,0.012414,0.000000,0.286232,0.000000,0.034285,0.021684,0.132319,0.028927,0.057683,0.051877,0.133616,0.089482,0.361113,0.000000,0.006924,0.010088,0.009699,0.036445,0.011659,0.030169,0.012033,0.000890,93.975750
0001-03-06 00:00:00,0.074336,29.714063,1.142857,29.714063,5.143750,12.447703,8.451220,0.017603,0.000000,0.006734,0.012655,0.029543,0.012583,0.006701,0.012949,0.012506,0.000001,32.168495,0.012655,0.029543,0.012584,0.130719,0.024940,0.009714,0.009406,30.644751,40.539768,11.399765,0.023608,0.035902,0.011827,0.025558,0.000001,0.011550,0.134556,0.076632,0.012949,0.012506,0.000000,0.051697,0.000000,0.032876,0.020498,0.130718,0.034667,0.048767,0.059216,0.134555,0.089575,0.192983,0.000000,0.006983,0.009714,0.009406,0.035902,0.011827,0.023798,0.011550,0.002676,82.361000
0001-03-07 00:00:00,0.000001,16.460203,1.846154,16.460203,19.264634,7.345873,7.399680,0.044547,0.000000,0.006670,0.013141,0.016598,0.012955,0.006988,0.012282,0.012835,0.000001,35.238244,0.013141,0.016597,0.012956,0.132287,0.024229,0.009565,0.009772,37.987770,52.554268,16.265382,0.021114,0.036862,0.012092,0.027334,0.000001,0.011816,0.134113,0.076860,0.012282,0.012835,0.000000,0.141461,0.000000,0.017749,0.022824,0.132287,0.033974,0.051434,0.057571,0.134113,0.089124,0.255522,0.000000,0.006801,0.009565,0.009772,0.036862,0.012092,0.025705,0.011815,0.003777,78.255897
0001-03-08 00:00:00,0.000001,32.738508,1.600000,32.738508,15.248143,12.173528,10.777021,0.043775,0.000000,0.006887,0.012322,0.027973,0.012720,0.006707,0.013090,0.012760,0.000001,29.258952,0.012322,0.027972,0.012721,0.130735,0.023313,0.010135,0.010031,64.562473,43.900429,16.109454,0.021493,0.036871,0.011887,0.031507,0.000001,0.011778,0.133411,0.077580,0.013090,0.012759,0.000000,0.164199,0.000000,0.030953,0.020636,0.130735,0.033617,0.056738,0.057139,0.133410,0.090677,0.272962,0.000000,0.006843,0.010135,0.010031,0.036871,0.011887,0.028895,0.011778,0.003055,78.255523
0001-03-09 00:00:00,0.000001,22.834120,1.600000,22.834120,17.084353,9.884078,7.023042,0.053693,0.000000,0.006769,0.012471,0.027659,0.012586,0.006515,0.012555,0.012987,0.000001,23.474392,0.012470,0.027658,0.012586,0.130667,0.018741,0.009663,0.009544,59.870441,83.699957,12.599916,0.016584,0.037884,0.011824,0.023823,0.000001,0.011317,0.132211,0.078749,0.012555,0.012987,0.000000,0.233529,0.000000,0.031311,0.020247,0.130666,0.028267,0.044242,0.057832,0.132211,0.091286,0.322648,0.000000,0.006851,0.009663,0.009544,0.037884,0.011824,0.022363,0.011316,0.002315,92.813321
0001-03-10 00:00:00,0.000001,24.151271,1.200000,24.151272,16.057709,13.024454,6.916542,0.060517,0.000000,0.006729,0.011862,0.028974,0.012883,0.006739,0.012567,0.012290,0.000001,23.197490,0.011862,0.028973,0.012883,0.131099,0.016766,0.009591,0.009599,71.717286,34.657120,11.918934,0.013109,0.036505,0.012043,0.013825,0.000001,0.011822,0.133073,0.078759,0.012567,0.012290,0.000000,0.290811,0.000000,0.032648,0.020096,0.131098,0.025960,0.028213,0.059398,0.133073,0.091338,0.338153,0.000000,0.006870,0.009591,0.009599,0.036505,0.012043,0.011530,0.011822,0.002626,104.887690
0001-03-11 00:00:00,0.000001,21.527782,1.411764,21.527782,12.235397,10.305672,7.915992,0.041138,0.000000,0.006733,0.012910,0.033430,0.012547,0.007090,0.013120,0.012371,0.000001,16.927422,0.012910,0.033429,0.012547,0.130793,0.020616,0.009564,0.009517,58.744433,29.999701,7.188013,0.017110,0.036924,0.011988,0.023978,0.000001,0.012076,0.134600,0.079182,0.013120,0.012371,0.000000,0.182079,0.000000,0.037608,0.020236,0.130793,0.030392,0.044395,0.057942,0.134599,0.092336,0.275031,0.000000,0.006608,0.009564,0.009517,0.036924,0.011988,0.021062,0.012076,0.002768,81.017362
0001-03-12 00:00:00,0.000001,24.675617,1.142857,24.675618,9.297420,17.788566,8.257933,0.034698,0.000000,0.006914,0.012735,0.035536,0.013067,0.006767,0.012868,0.012462,0.000001,25.787060,0.012733,0.035534,0.013067,0.131790,0.022403,0.009461,0.009870,38.729974,64.413672,9.988479,0.019325,0.037111,0.011964,0.029554,0.000001,0.011788,0.133281,0.075647,0.012868,0.012461,0.000000,0.147605,0.000000,0.040661,0.019960,0.131789,0.031878,0.053300,0.056309,0.133281,0.088537,0.266597,0.000000,0.006533,0.009461,0.009870,0.037111,0.011964,0.027957,0.011788,0.000887,84.843932
0001-03-13 00:00:00,1.412312,27.072370,1.333333,27.946398,1.678143,12.868336,10.102988,0.010995,0.000000,0.006673,0.012331,0.044729,0.013216,0.006745,0.013052,0.012753,0.000001,34.135081,0.012331,0.044728,0.013217,0.131644,0.030627,0.009764,0.009481,33.112383,34.611262,10.970008,0.033414,0.036602,0.011820,0.038788,0.000001,0.011736,0.135440,0.071161,0.013052,0.012753,0.000000,0.013894,0.000000,0.049463,0.020063,0.131643,0.040372,0.071453,0.061329,0.135440,0.084192,0.173950,0.000000,0.006979,0.009764,0.009481,0.036602,0.011820,0.036187,0.011735,0.003056,64.604686
0001-03-14 00:00:00,0.000001,26.553295,1.500000,26.553296,11.068798,18.204574,8.912883,0.036650,0.000000,0.007058,0.012271,0.053042,0.012523,0.006586,0.013027,0.012588,0.000001,35.238850,0.012271,0.053042,0.012523,0.131207,0.023008,0.009928,0.009397,40.601217,49.413253,10.291387,0.020447,0.037537,0.012003,0.038510,0.000001,0.011808,0.136230,0.074381,0.013027,0.012588,0.000000,0.175457,0.000000,0.058148,0.018765,0.131207,0.032551,0.066979,0.053116,0.136229,0.087387,0.287143,0.000000,0.006750,0.009928,0.009397,0.037537,0.012003,0.035814,0.011807,0.003030,87.899944
0001-03-15 00:00:00,0.136712,18.885697,1.714285,18.885697,14.456813,13.296358,7.743584,0.035744,0.000000,0.006725,0.012709,0.047484,0.012342,0.006840,0.012855,0.012678,0.000001,29.560828,0.012709,0.047483,0.012342,0.129577,0.026769,0.009608,0.009781,62.705645,46.956763,11.155648,0.025264,0.038515,0.011914,0.036470,0.000001,0.011748,0.134954,0.072670,0.012855,0.012677,0.000000,0.143618,0.000000,0.052608,0.019147,0.129576,0.036349,0.065344,0.059334,0.134954,0.085507,0.265207,0.000000,0.007002,0.009608,0.009781,0.038515,0.011914,0.033893,0.011748,0.003057,68.643768
0001-03-16 00:00:00,0.000001,42.603830,1.714285,42.603830,16.498844,13.981341,9.610727,0.047330,0.000000,0.006918,0.013206,0.037660,0.012701,0.006922,0.012422,0.013832,0.000001,21.633576,0.013206,0.037659,0.012702,0.130084,0.017559,0.009799,0.009700,71.881043,56.640179,8.565287,0.014558,0.036156,0.012195,0.019563,0.000001,0.011753,0.134501,0.085112,0.012423,0.013832,0.000000,0.246144,0.000000,0.043145,0.019853,0.130083,0.027363,0.036930,0.057128,0.134500,0.097629,0.329057,0.000000,0.006867,0.009799,0.009700,0.036156,0.012195,0.017624,0.011752,0.003376,101.258032
0001-03-17 00:00:00,0.000001,18.484293,1.333333,18.484293,10.751978,12.504450,6.079865,0.038963,0.000000,0.006791,0.013057,0.030505,0.013000,0.006929,0.013146,0.012827,0.000001,17.854081,0.013057,0.030504,0.013001,0.132486,0.018271,0.010070,0.009941,56.704688,57.156989,5.403931,0.015313,0.035957,0.012014,0.020767,0.000001,0.011572,0.133132,0.085006,0.013146,0.012827,0.000000,0.179992,0.000000,0.034948,0.020660,0.132485,0.028141,0.039336,0.056004,0.133131,0.098116,0.281208,0.000000,0.006710,0.010070,0.009941,0.035957,0.012014,0.018968,0.011572,0.001985,86.082850
0001-03-18 00:00:00,0.000001,17.441475,1.142857,17.441475,10.263425,15.259743,5.205407,0.039215,0.000000,0.007005,0.012737,0.036354,0.012816,0.006637,0.012377,0.012658,0.000001,11.745573,0.012737,0.036353,0.012817,0.131205,0.017015,0.009502,0.010161,106.098834,30.813321,4.095402,0.013309,0.035292,0.011881,0.017559,0.000001,0.011490,0.134480,0.079159,0.012378,0.012657,0.000000,0.213448,0.000000,0.041842,0.019463,0.131204,0.026583,0.033993,0.055702,0.134480,0.091537,0.294599,0.000000,0.006724,0.009502,0.010161,0.035292,0.011881,0.014831,0.011489,0.002281,98.594561
0001-03-19 00:00:00,0.000001,24.708088,1.411764,24.708088,15.938899,7.891804,11.874187,0.037742,0.000000,0.006842,0.012183,0.020815,0.013190,0.006923,0.012933,0.013380,0.000001,23.146629,0.012183,0.020813,0.013190,0.131180,0.026768,0.009569,0.009785,26.607054,51.416866,10.927602,0.026002,0.037508,0.011910,0.030604,0.000001,0.012086,0.132960,0.080609,0.012933,0.013380,0.000000,0.102163,0.000000,0.022617,0.021650,0.131180,0.036127,0.057610,0.060068,0.132959,0.093548,0.231211,0.000000,0.007026,0.009569,0.009785,0.037508,0.011910,0.028743,0.012086,0.000986,63.008081
0001-03-20 00:00:00,0.000001,28.283876,1.333333,28.283876,11.709995,14.339529,11.631793,0.029507,0.000000,0.006998,0.012144,0.026431,0.012248,0.006730,0.013209,0.013173,0.000001,36.501172,0.012144,0.026430,0.012248,0.131221,0.025282,0.010103,0.009575,44.910361,33.400517,9.441053,0.026267,0.037336,0.011278,0.028263,0.000001,0.011832,0.133413,0.080571,0.013209,0.013173,0.000000,0.084172,0.000000,0.028680,0.020259,0.131220,0.035626,0.053833,0.061325,0.133412,0.093780,0.214058,0.000000,0.006497,0.010103,0.009575,0.037336,0.011278,0.025620,0.011832,0.002458,69.856515
0001-03-21 00:00:00,0.000001,18.318134,1.600000,18.318134,15.569460,8.965666,7.046692,0.038779,0.000000,0.007137,0.012633,0.021564,0.012804,0.006589,0.012853,0.012321,0.000001,26.586785,0.012633,0.021563,0.012805,0.131912,0.021140,0.009778,0.009687,31.788051,60.672043,10.323190,0.017325,0.037556,0.011633,0.020498,0.000001,0.011477,0.132919,0.080467,0.012853,0.012320,0.000000,0.144644,0.000000,0.024607,0.021038,0.131911,0.030725,0.039499,0.058822,0.132918,0.093314,0.258216,0.000000,0.006813,0.009778,0.009687,0.037556,0.011633,0.019426,0.011476,0.003395,83.611846
0001-03-22 00:00:00,0.000001,29.460205,1.411764,29.460205,16.400096,10.505648,11.724124,0.045017,0.000000,0.006529,0.012726,0.018819,0.012815,0.006986,0.012647,0.012256,0.000001,29.339112,0.012726,0.018818,0.012815,0.129433,0.025217,0.009677,0.009428,63.634456,50.969341,10.761602,0.024844,0.038026,0.011966,0.034360,0.000001,0.011942,0.132640,0.071658,0.012647,0.012256,0.000000,0.137964,0.000000,0.020205,0.022048,0.129432,0.034729,0.062721,0.059011,0.132639,0.084306,0.253250,0.000000,0.006771,0.009677,0.009428,0.038026,0.011966,0.032241,0.011942,0.002647,61.693986
0001-03-23 00:00:00,0.000001,13.743618,1.714285,13.743618,21.229108,8.371294,7.121102,0.059226,0.000000,0.006804,0.012526,0.020247,0.012139,0.006717,0.012629,0.012454,0.000001,21.952946,0.012526,0.020246,0.012140,0.130397,0.018858,0.009680,0.009641,60.519984,51.880251,4.211153,0.016507,0.038089,0.012189,0.021214,0.000001,0.011939,0.131685,0.077333,0.012629,0.012454,0.000000,0.244226,0.000000,0.023236,0.020389,0.130397,0.028364,0.040118,0.060228,0.131685,0.089954,0.317349,0.000000,0.006767,0.009680,0.009641,0.038089,0.012189,0.019128,0.011938,0.003557,76.318393
0001-03-24 00:00:00,0.000001,21.471001,1.411764,21.471001,22.205766,12.148033,5.453146,0.084836,0.000000,0.006600,0.012663,0.027813,0.012306,0.006936,0.013298,0.013330,0.000001,29.391357,0.012663,0.027812,0.012306,0.129026,0.014688,0.009894,0.010319,71.858801,37.952695,5.656582,0.011271,0.034272,0.011192,0.013779,0.000001,0.011823,0.131238,0.093996,0.013298,0.013330,0.000000,0.414747,0.000000,0.032095,0.019936,0.129025,0.024515,0.026490,0.057087,0.131237,0.107312,0.421006,0.000000,0.006768,0.009894,0.010319,0.034272,0.011192,0.011307,0.011823,0.001974,115.518056
0001-03-25 00:00:00,0.000001,22.842820,1.263158,22.842821,12.537259,14.769409,6.607676,0.043666,0.000000,0.006441,0.012666,0.038171,0.012812,0.006613,0.012820,0.012801,0.000001,21.694064,0.012665,0.038170,0.012812,0.131908,0.019341,0.009217,0.009649,77.646358,28.345964,4.396627,0.017847,0.037155,0.011525,0.025351,0.000001,0.012301,0.133672,0.079561,0.012820,0.012801,0.000000,0.220000,0.000000,0.043149,0.019788,0.131907,0.028335,0.045998,0.058419,0.133672,0.092332,0.305370,0.000000,0.006670,0.009217,0.009649,0.037155,0.011525,0.022183,0.012300,0.002508,96.222887
0001-03-26 00:00:00,0.000001,32.353972,1.333333,32.353973,12.661444,14.289261,9.861001,0.039258,0.000000,0.006738,0.012520,0.035987,0.012429,0.006752,0.012847,0.013021,0.000001,24.710492,0.012519,0.035984,0.012429,0.132165,0.020163,0.009603,0.009876,30.426438,64.903105,13.080127,0.015690,0.036191,0.011545,0.023727,0.000001,0.011972,0.134413,0.082325,0.012847,0.013021,0.000000,0.183934,0.000000,0.040248,0.019688,0.132164,0.029961,0.043695,0.055463,0.134412,0.095237,0.292833,0.000000,0.006922,0.009603,0.009876,0.036191,0.011545,0.022399,0.011971,0.001009,99.863852
0001-03-27 00:00:00,1.853145,35.149432,1.090909,35.920359,0.593247,21.867819,12.366799,0.007292,0.000000,0.007069,0.012589,0.042248,0.012684,0.006984,0.012569,0.013206,0.000001,32.298504,0.012589,0.042248,0.012685,0.132086,0.027584,0.009617,0.009370,43.208992,42.222007,11.135994,0.029921,0.036913,0.011905,0.033556,0.000001,0.011847,0.134157,0.076461,0.012569,0.013206,0.000000,0.013411,0.000000,0.047810,0.019227,0.132085,0.037046,0.063373,0.060420,0.134157,0.089046,0.174671,0.000000,0.006797,0.009617,0.009370,0.036913,0.011905,0.031632,0.011846,0.001919,73.944311
0001-03-28 00:00:00,0.046813,23.460898,1.411764,23.460898,12.239694,10.991762,8.540187,0.029008,0.000000,0.006370,0.012586,0.031631,0.012634,0.006812,0.012264,0.012588,0.000001,28.382797,0.012585,0.031631,0.012634,0.132040,0.025634,0.009858,0.009930,31.096001,47.985946,7.167813,0.025639,0.036808,0.011943,0.029876,0.000001,0.011755,0.134105,0.071949,0.012264,0.012588,0.000000,0.089501,0.000000,0.035343,0.020466,0.132039,0.035573,0.055773,0.060787,0.134104,0.084208,0.222064,0.000000,0.006659,0.009858,0.009930,0.036808,0.011943,0.028045,0.011754,0.003016,68.637715
0001-03-29 00:00:00,0.000001,20.338453,1.714285,20.338453,14.027662,12.353804,9.356993,0.033968,0.000000,0.006679,0.012697,0.023419,0.012572,0.006723,0.012720,0.012808,0.000001,19.036721,0.012697,0.023419,0.012572,0.131140,0.023167,0.009730,0.009862,51.785298,52.485235,15.981605,0.018892,0.036198,0.011736,0.023782,0.000001,0.011834,0.134478,0.079988,0.012720,0.012808,0.000000,0.119749,0.000000,0.026556,0.020904,0.131139,0.032436,0.044575,0.057825,0.134477,0.092688,0.239704,0.000000,0.006816,0.009730,0.009862,0.036198,0.011736,0.022025,0.011834,0.003169,70.985733
0001-03-30 00:00:00,0.000001,21.629585,1.600000,21.629585,26.241276,17.046962,6.006404,0.066504,0.000000,0.006532,0.012045,0.028154,0.012843,0.007172,0.012312,0.012358,0.000001,15.614862,0.012045,0.028153,0.012844,0.131454,0.015779,0.009731,0.009220,105.520853,61.469249,19.240985,0.011780,0.035493,0.012523,0.016079,0.000001,0.012064,0.131591,0.082338,0.012312,0.012357,0.000000,0.324718,0.000000,0.032682,0.019869,0.131454,0.025530,0.030941,0.056681,0.131591,0.094587,0.378636,0.000000,0.006507,0.009731,0.009220,0.035493,0.012523,0.014186,0.012063,0.002369,113.623063
0001-03-31 00:00:00,0.000001,26.958124,1.500000,26.958124,16.512043,10.823292,9.429384,0.049490,0.000000,0.006966,0.012468,0.028657,0.012946,0.006918,0.012963,0.012186,0.000001,12.572426,0.012468,0.028657,0.012947,0.131160,0.019107,0.009278,0.009547,65.226259,29.287722,10.891459,0.014701,0.035259,0.011686,0.026868,0.000001,0.011449,0.134391,0.078327,0.012963,0.012185,0.000000,0.213336,0.000000,0.032006,0.020829,0.131160,0.028685,0.048280,0.051465,0.134390,0.091342,0.294743,0.000000,0.006857,0.009278,0.009547,0.035259,0.011686,0.023253,0.011448,0.003308,78.937846
0001-04-01 00:00:00,0.000001,21.445509,1.142857,21.445509,10.784515,10.660673,6.380780,0.040874,0.000000,0.006437,0.012085,0.030599,0.013130,0.006775,0.012869,0.012485,0.000001,10.179022,0.012085,0.030598,0.013130,0.131379,0.019010,0.009434,0.009797,64.702429,33.669893,4.984080,0.017992,0.037565,0.012441,0.022733,0.000001,0.011879,0.133859,0.078461,0.012869,0.012484,0.000000,0.178953,0.000000,0.034870,0.020263,0.131378,0.028026,0.044244,0.058460,0.133858,0.091330,0.279751,0.000000,0.006784,0.009434,0.009797,0.037565,0.012441,0.020774,0.011878,0.002230,78.706115
0001-04-02 00:00:00,0.000001,20.799394,1.500000,20.799395,14.670409,9.575237,11.793812,0.046089,0.000000,0.006636,0.013074,0.041138,0.013221,0.006908,0.012525,0.012908,0.000001,22.888127,0.013074,0.041135,0.013222,0.129931,0.027081,0.010032,0.009247,40.728746,59.023591,9.868877,0.024187,0.037411,0.011161,0.043131,0.000001,0.012246,0.131778,0.073656,0.012525,0.012908,0.000000,0.155393,0.000000,0.044162,0.021663,0.129930,0.036949,0.075478,0.052626,0.131778,0.086182,0.272467,0.000000,0.007111,0.010032,0.009247,0.037411,0.011161,0.040939,0.012246,0.000915,61.401184
0001-04-03 00:00:00,0.000001,31.141550,1.142857,31.141550,7.430200,16.353531,10.376828,0.021186,0.000000,0.006821,0.012690,0.032755,0.012208,0.006457,0.012710,0.012703,0.000001,34.609184,0.012690,0.032755,0.012209,0.132138,0.023810,0.009756,0.009833,29.707672,37.586152,10.839117,0.021576,0.036976,0.011485,0.026326,0.000001,0.012015,0.132784,0.077015,0.012710,0.012702,0.000000,0.081104,0.000000,0.036126,0.019954,0.132137,0.033771,0.049728,0.058658,0.132783,0.089758,0.213022,0.000000,0.006752,0.009756,0.009833,0.036976,0.011485,0.024187,0.012015,0.002492,86.451721
0001-04-04 00:00:00,0.083842,21.135109,1.500000,21.135110,11.356399,11.720730,7.808119,0.033755,0.000000,0.006806,0.012433,0.034943,0.012237,0.006791,0.012495,0.012551,0.000001,35.046457,0.012433,0.034942,0.012237,0.130732,0.024285,0.009824,0.009779,32.742282,58.825418,10.521495,0.023084,0.038084,0.011896,0.032023,0.000001,0.011718,0.135130,0.072943,0.012496,0.012550,0.000000,0.122657,0.000000,0.038725,0.019838,0.130732,0.033917,0.059001,0.057474,0.135130,0.085427,0.248475,0.000000,0.006564,0.009824,0.009779,0.038084,0.011896,0.030333,0.011717,0.002978,75.781333
0001-04-05 00:00:00,0.000001,24.879620,1.714285,24.879620,20.342346,9.738010,11.079218,0.043950,0.000000,0.006771,0.012500,0.018893,0.012646,0.006729,0.012545,0.012456,0.000001,30.512437,0.012500,0.018892,0.012647,0.131064,0.025868,0.009500,0.009404,48.509741,40.676640,12.368850,0.022808,0.036922,0.011667,0.032853,0.000001,0.011954,0.133120,0.074220,0.012545,0.012456,0.000000,0.136518,0.000000,0.019722,0.021906,0.131063,0.035281,0.059576,0.056612,0.133120,0.086754,0.247894,0.000000,0.006739,0.009500,0.009404,0.036922,0.011667,0.030154,0.011954,0.003022,62.683000
0001-04-06 00:00:00,0.000001,17.898390,1.846154,17.898391,26.004251,14.264523,7.113346,0.070720,0.000000,0.006839,0.012824,0.025310,0.012233,0.006694,0.012402,0.012510,0.000001,26.836763,0.012824,0.025309,0.012234,0.130358,0.017504,0.009826,0.009896,94.345051,46.405952,7.285944,0.011896,0.034165,0.012045,0.022411,0.000001,0.011398,0.132973,0.080859,0.012402,0.012510,0.000000,0.332688,0.000000,0.028813,0.020378,0.130357,0.027375,0.039046,0.051864,0.132973,0.093212,0.379614,0.000000,0.007180,0.009826,0.009896,0.034165,0.012045,0.019719,0.011398,0.003623,104.203830
0001-04-07 00:00:00,0.000001,18.521313,1.263158,18.521314,16.715970,14.556841,5.258066,0.060291,0.000000,0.006826,0.012657,0.032375,0.012083,0.006590,0.013089,0.013273,0.000001,25.113122,0.012656,0.032374,0.012084,0.131631,0.015940,0.009829,0.009662,102.154026,53.968046,4.073806,0.014271,0.035505,0.011257,0.024775,0.000001,0.011681,0.132806,0.083780,0.013089,0.013273,0.000000,0.301978,0.000000,0.036653,0.019308,0.131630,0.025948,0.044259,0.052914,0.132805,0.096844,0.362188,0.000000,0.006682,0.009829,0.009662,0.035505,0.011257,0.021681,0.011681,0.001995,114.273245
0001-04-08 00:00:00,0.000001,23.250236,1.263158,23.250236,11.119726,12.357177,7.804207,0.034635,0.000000,0.006891,0.012128,0.034920,0.012787,0.006762,0.012801,0.012824,0.000001,17.195404,0.012128,0.034919,0.012788,0.132283,0.020506,0.009837,0.009355,53.737320,34.485719,4.564835,0.015791,0.038379,0.011924,0.021242,0.000001,0.011882,0.133513,0.081662,0.012801,0.012824,0.000000,0.167785,0.000000,0.039133,0.019613,0.132282,0.030485,0.040472,0.059330,0.133513,0.094501,0.266425,0.000000,0.006856,0.009837,0.009355,0.038378,0.011924,0.018351,0.011881,0.002409,88.981036
0001-04-09 00:00:00,0.000001,23.014887,1.200000,23.014887,8.184316,10.733643,10.169417,0.026554,0.000000,0.006826,0.012487,0.022126,0.012856,0.006878,0.012609,0.012756,0.000001,25.546703,0.012486,0.022122,0.012857,0.130961,0.026559,0.009954,0.009996,25.796370,58.014892,11.594399,0.025404,0.037723,0.011999,0.025213,0.000001,0.011569,0.132792,0.076987,0.012609,0.012756,0.000000,0.067109,0.000000,0.024449,0.021346,0.130961,0.036553,0.049191,0.062078,0.132791,0.089608,0.205181,0.000000,0.006780,0.009953,0.009996,0.037723,0.011999,0.023886,0.011569,0.000895,68.246860
0001-04-10 00:00:00,0.004296,33.574624,1.333333,33.574624,4.978884,19.099915,11.375288,0.015755,0.000000,0.006553,0.012567,0.038452,0.012421,0.006946,0.012725,0.012733,0.000001,34.317227,0.012567,0.038451,0.012422,0.131824,0.027900,0.009515,0.009625,42.266969,35.563917,10.515276,0.027397,0.037801,0.012039,0.030852,0.000001,0.011982,0.133295,0.074607,0.012725,0.012733,0.000000,0.045633,0.000000,0.041970,0.019749,0.131824,0.037314,0.059336,0.060731,0.133295,0.087317,0.191353,0.000000,0.006828,0.009515,0.009625,0.037801,0.012039,0.028352,0.011981,0.002368,73.736212
0001-04-11 00:00:00,0.144708,25.106436,1.500000,25.106436,15.604361,15.084482,8.090340,0.032787,0.000000,0.006820,0.012154,0.038574,0.012923,0.006882,0.012944,0.012845,0.000001,30.533683,0.012153,0.038573,0.012924,0.131298,0.024122,0.009661,0.009376,65.730090,47.009104,8.670278,0.022272,0.039026,0.011931,0.033282,0.000001,0.011883,0.134612,0.079141,0.012944,0.012844,0.000000,0.138181,0.000000,0.041774,0.020053,0.131297,0.033311,0.060636,0.058185,0.134612,0.092070,0.258916,0.000000,0.006792,0.009661,0.009376,0.039026,0.011931,0.030854,0.011882,0.003251,87.153185
